<?xml version="1.0" encoding="UTF-8"?>
<!DOCTYPE comunidad SYSTEM "assets/actividad3.dtd">
<comunidad>
    <vecinos>
        <cod_vecino carg="ninguno">1</cod_vecino>
        <nombre nom="A">Ana</nombre>
        <apellidos apel="GC">Gaspar Castillo</apellidos>
        <portal port="22">Portal 22</portal>
        <pisoyletra piso="3">D</pisoyletra>
        <cod_cuenta_ord ccc="546">8456219756</cod_cuenta_ord>
    </vecinos>
    <vecinos>
        <cod_vecino carg="ninguno">2</cod_vecino>
        <nombre nom="A">Angel</nombre>
        <apellidos apel="HP">Herrada Porras</apellidos>
        <portal port="B">Portal 29</portal>
    </vecinos>
    <vecinos>
        <cod_vecino carg="ninguno">3</cod_vecino>
        <nombre nom="A">Antonio</nombre>
        <apellidos apel="GM">Gaspar Molina</apellidos>
        <portal port="22">Portal 22</portal>
        <pisoyletra piso="3">D</pisoyletra>
        <cod_cuenta_ord ccc="894">54812165844</cod_cuenta_ord>
    </vecinos>
    <vecinos>
        <cod_vecino carg="ninguno">4</cod_vecino>
        <nombre nom="S">Susana</nombre>
        <apellidos apel="CP">Castillo Perez</apellidos>
        <portal port="22">Portal 22</portal>
        <pisoyletra piso="3">D</pisoyletra>
        <cod_cuenta_ord ccc="415">416814241857</cod_cuenta_ord>
    </vecinos>
</comunidad>