<?xml version="1.0" encoding="UTF-8"?>

<!-- Informacion del pedido -->
<pedido codigo="1111">
    <duenio>
        <nombre>José Antonio</nombre>
        <apellido>Lojo</apellido>
    </duenio>
    <producto>Bicicleta A2020</producto>
    <producto>Ordenador 1345</producto>
    <direccion>
        <calle>Calle Barco</calle>
        <numero>4</numero>
        <piso>3</piso>
        <letra>A</letra>
        <provincia>Málaga</provincia>
        <codigo_postal>29004</codigo_postal>
    </direccion>
    <fecha>20/9/2019</fecha>
</pedido>
    