<?xml version="1.0" encoding="UTF-8"?>

<!-- Paises de Europa-->
<paises>
    <nombre>Alemania</nombre>
    <poblacion>84.08 millones</poblacion>
    <capital>Berlin</capital>
    <superficie>357.59K km2</superficie>
</paises>
<paises>
    <nombre>Italia</nombre>
    <poblacion>58.86 millones</poblacion>
    <capital>Roma</capital>
    <superficie>302.07 km2</superficie>
</paises>
<paises>
    <nombre>Francia</nombre>
    <poblacion>67.94 millones</poblacion>
    <capital>Paris</capital>
    <superficie>643.80K km2</superficie>
</paises>
<paises>
    <nombre>España</nombre>
    <poblacion>48.797.875</poblacion>
    <capital>Madrid</capital>
    <superficie>505.99K km2</superficie>
</paises>