<?xml version="1.0" encoding="UTF-8"?>

<perro>
    <raza>
        <nombre>Perro de aguas español</nombre>
        <abreviatura>PAE</abreviatura>
        <origen>Andalucía</origen>
        <tamagno>
            <macho>44 a 50 cm</macho>
            <hembra>40 a 46 cm</hembra>
        </tamagno>
        <peso>
            <macho>19 a 22 kg</macho>
            <hembra>14 a 19 kg</hembra>
        </peso>
    </raza>
    <raza>
        <nombre>Perro dalmata</nombre>
        <abreviatura>PD</abreviatura>
        <origen>Croacia</origen>
        <tamanio>
            <macho>55 a 60cm</macho>
            <hembra>50 a 55 cm</hembra>
        </tamanio>
        <peso>
            <macho>25 a 35 kg</macho>
            <hembra>25 a 35 kg</hembra>
        </peso>
    </raza>
    <raza>
        <nombre>Perro salchicha</nombre>
        <abreviatura>PS</abreviatura>
        <origen>Alemania</origen>
        <tamanio>
            <macho>20 a 27 cm</macho>
            <hembra>17 a 25 cm</hembra>
        </tamanio>
        <peso>
            <macho>7 a 9 kg</macho>
            <hembra>5 a 8</hembra>
        </peso>
    </raza>
    
    <raza>
        <nombre>Perro caniche</nombre>
    </raza>
</perro>
    