{
    "inventario":{
        "productos":[
            {
                "codigo":"001",
                "categoria":"electronicos",
                "nombre":"televisor",
                "precio":599.99,
                "fecha_ingreso":"2023-07-15",
                "stock":10
            },
            {
                "codigo":"002",
                "categoria":"ropa",
                "nombre":"camiseta",
                "precio":29.99,
                "fecha_ingreso":"2023-07-16",
                "stock":50
            },
            {
                "codigo":"003",
                "categoria":"hogar",
                "nombre":"lampara",
                "precio":39.99,
                "fecha_ingreso":"2023-07-17",
                "stock":20
            }
        ]
    }
}