<?xml version="1.0" encoding="UTF-8"?>
<?xml-stylesheet type="text/xsl" href="cartelera.xsl"?> 
<!DOCTYPE cartelera SYSTEM "cartelera.dtd">
<cartelera>
    <pelicula plataforma="Netflix">
        <titulo idioma="inglés">Interstellar</titulo>
        <director>Christopher Nolan</director>
        <anyo>2014</anyo>
    </pelicula>
    <pelicula plataforma="PrimeVideo">
        <titulo idioma="frances">Matrix</titulo>
        <director>Lana y Lilly Wachowski</director>
        <anyo>1999</anyo>
    </pelicula>
    <pelicula plataforma="Dysney+">
        <titulo idioma="español">Dune: Parte 2</titulo>
        <director>Denis Villeneuve</director>
        <anyo>2024</anyo>
    </pelicula>
</cartelera>