{
    "curso_tecnico_superior":[
        {
            "nombre":"Desarrollo de Aplicaciones",
            "nivel":"Grado Superior",
            "aulas":[
                {
                    "id":101,
                    "capacidad":30,
                    "equipamiento":[
                        "Ordenadores",
                        "Proyector",
                        "Pizarra"
                    ]
                },
                {
                    "id":102,
                    "capacidad":25,
                    "equipamiento":[
                        "Ordenadores",
                        "Pizarra"
                    ]
                }
            ]
        },
        {
            "nombre":"Redes y Sistemas",
            "nivel":"Grado Superior",
            "aulas":[
                {
                    "id":201,
                    "capacidad":20,
                    "equipamiento":[
                        "Switches",
                        "Routers",
                        "Pizarra"
                    ]
                },
                {
                    "id":202,
                    "capacidad":15,
                    "equipamiento":[
                        "Switches",
                        "Proyector",
                        "Ordenadores"
                    ]
                }
            ]
        }
    ]
}