{
    "catalogo_biblioteca":{
        "nombre":"Biblioteca Central",
        "libros":[
            {
                "isbn":"978-3-16",
                "genero":"Ficcion",
                "titulo":"El Gran Viaje",
                "autor":{
                    "nombre":"Juan Gomez",
                    "nacionalidad":"Española"
                },
                "disponibilidad":{
                    "copias":3,
                    "prestadas":1
                }
            },
            {
                "isbn":"978-0-262",
                "genero":"Tecnologia",
                "titulo":"Introduccion a la Inteligencia Artificial",
                "autor":{
                    "nombre":"Susan Mitchell",
                    "nacionalidad":"Estadounidense"
                },
                "disponibilidad":{
                    "copias":5,
                    "prestadas":2
                }
            }
        ]
    }
}