{
    "empleados":[
        {
            "id":"E001",
            "puestos":[
                "Bibliotecario",
                "Gerente"
            ],
            "nombre":"Ana Lopez",
            "horario":{
                "dia":"Lunes a Viernes",
                "horas":"8:00-16:00"
            }
        },
        {
            "id":"E002",
            "puestos":[
                "Asistente",
                "Compra-venta"
            ],
            "nombre":"Pedro Garcia",
            "horario":{
                "dia":"Martes a Sabados",
                "horas":"10:00-18:00"
            }
        }
    ]
}