{
    "cuentas": [

        {
            "dnititular":"5671001D",
            "creacion":"13-abril-2012",
            "titular":"Ramon Perez",
            "saldoactual":"12000 euros"
        },
        {
            "dnititular":"39812341C",
            "creacion":"15-febrero-2011",
            "titular":"Carmen Diaz",
            "saldoactual":"1900 euros"
        }
    ],
    "fondos": [
        
        {
            "cuentaasociada":"20-A",
            "cuentadepositada": 20000,
            "moneda":"Euros"
        },
        {
            "cuentaasociada":"21-DX",
            "cuentadepositada": 4800,
            "moneda":"Dolares"
        }
    ]
}
